{
  "train_loss": [
    2.2276676384506713,
    2.1344652752967397,
    2.109261140701877,
    2.0757736445991855,
    2.0535316748224246,
    2.033070061616837,
    2.0156375746818105,
    2.005900212154267,
    1.9890660206983044,
    1.9787666023157204,
    1.9533313042039324,
    1.938264382113317,
    1.9242514075746961,
    1.9075291247884179,
    1.9013778237020893,
    1.8913887200082184,
    1.8771564208777847,
    1.8683397109341469,
    1.8577555972299757,
    1.8410518093473593,
    1.8426931914250562,
    1.8310538720173442,
    1.8267131231393023,
    1.8111725878563656,
    1.804367668309789,
    1.784641652350213,
    1.7767308510033188,
    1.7655053161511756,
    1.7605488877387563,
    1.753780062031594,
    1.7350537913620092,
    1.7272186962662228,
    1.6968504957332733,
    1.6802431906864141,
    1.6625212081678353,
    1.6270657451289474,
    1.6121801677023528,
    1.5819048456325653,
    1.5404477696509877,
    1.4438821798676897,
    1.195875949161068,
    0.7699810122228732,
    0.43085002975099407,
    0.24982740801231118,
    0.15787964133889812,
    0.10468581540711747,
    0.0864538495565296,
    0.06601867607681994,
    0.05685005051967729,
    0.03644942646033492
  ],
  "train_acc": [
    0.13757316629725913,
    0.16851601451425516,
    0.17532379663559863,
    0.1900578246114895,
    0.1986133243778179,
    0.20216035890932746,
    0.20813697358182934,
    0.21232222022129865,
    0.22150845524851945,
    0.22726557750700524,
    0.23364499426032187,
    0.23722681499943393,
    0.24585310565772375,
    0.2495629625472854,
    0.25455077093490985,
    0.261117850082487,
    0.26368939082934517,
    0.2665704116393354,
    0.2675026362621865,
    0.27867925061349474,
    0.27680242235250246,
    0.2805606401984494,
    0.28141986861183665,
    0.28608249151914344,
    0.28905852247649544,
    0.30015727268011777,
    0.30200591898596535,
    0.30627181675774634,
    0.31017755829395766,
    0.3138299222602166,
    0.32124596018164825,
    0.32379999886639976,
    0.3366734132270468,
    0.3443471219580924,
    0.3470533614600245,
    0.364409438227438,
    0.372572825840268,
    0.38470783043557605,
    0.405849301644817,
    0.44899837264088405,
    0.5573332591401237,
    0.7200519068638351,
    0.8442322386826019,
    0.9201537796332969,
    0.9542625794210264,
    0.9701740039467609,
    0.97762174411587,
    0.982617151185792,
    0.9861756423656485,
    0.9900722173632062
  ],
  "val_loss": [
    2.1381568163633347,
    2.1031227707862854,
    2.106871761381626,
    2.0773788318037987,
    2.0508661158382893,
    2.0449773520231247,
    2.0240061543881893,
    2.0066604912281036,
    1.9778514504432678,
    1.9784611351788044,
    1.9825791902840137,
    1.9594666585326195,
    1.9682500138878822,
    1.9344204775989056,
    1.935257337987423,
    1.9236840829253197,
    1.9059427082538605,
    1.9043370559811592,
    1.891349446028471,
    1.8824155516922474,
    1.8817412555217743,
    1.8945103660225868,
    1.8875131197273731,
    1.8514438644051552,
    1.8434616476297379,
    1.837248932570219,
    1.836070653051138,
    1.820524163544178,
    1.831236556172371,
    1.8019458167254925,
    1.7912339307367802,
    1.7880427464842796,
    1.7588846199214458,
    1.7421968020498753,
    1.729671973735094,
    1.6677089929580688,
    1.6543832011520863,
    1.6061778217554092,
    1.5082798898220062,
    1.2791275456547737,
    0.7183135394006968,
    0.3035848163999617,
    0.09817851812113076,
    0.04514903858944308,
    0.03191753031569533,
    0.01879307153285481,
    0.030509114352753386,
    0.011403409807826392,
    0.0041210710141967866,
    0.004350167959273676
  ],
  "val_acc": [
    0.15517176478758063,
    0.1780687081626076,
    0.16889292210552972,
    0.1822588219857526,
    0.18793485813750163,
    0.19142210206449092,
    0.19422228135196123,
    0.21000789378308646,
    0.21696866051549066,
    0.2127487744705755,
    0.21318259895903838,
    0.21130239015739358,
    0.22207728078094324,
    0.22972355705458414,
    0.22416134589284312,
    0.23735871092721128,
    0.23569253141998117,
    0.2360218972366545,
    0.23679312421425142,
    0.2516072905391202,
    0.2599124379410624,
    0.24646785929537385,
    0.25247499382284627,
    0.26277803915636727,
    0.2742316151730297,
    0.27692195128870034,
    0.27685873473435374,
    0.28326003284055346,
    0.2855998237420752,
    0.28170761258140525,
    0.29127599216634814,
    0.2798060257497036,
    0.30340480222605176,
    0.3127617984780353,
    0.3166418581004522,
    0.3433538171338172,
    0.3515637020875808,
    0.37136739958133763,
    0.4257089595423468,
    0.5176087184510496,
    0.735058104421145,
    0.8851216830826681,
    0.9738944529840641,
    0.9860171954597607,
    0.990385648741161,
    0.9949554686631785,
    0.992852954693897,
    0.9970921677900975,
    0.9987335210754468,
    0.998920653262197
  ],
  "val_seq_acc": [
    0.01171875,
    0.01220703125,
    0.01123046875,
    0.015625,
    0.017578125,
    0.015625,
    0.01513671875,
    0.0224609375,
    0.02783203125,
    0.025390625,
    0.02197265625,
    0.0244140625,
    0.02392578125,
    0.0263671875,
    0.02880859375,
    0.03125,
    0.02734375,
    0.02783203125,
    0.02880859375,
    0.03955078125,
    0.03173828125,
    0.03173828125,
    0.033203125,
    0.03369140625,
    0.04150390625,
    0.0419921875,
    0.0390625,
    0.046875,
    0.05224609375,
    0.04541015625,
    0.05029296875,
    0.03662109375,
    0.05029296875,
    0.05712890625,
    0.04736328125,
    0.056640625,
    0.06396484375,
    0.07568359375,
    0.1005859375,
    0.1611328125,
    0.37744140625,
    0.70263671875,
    0.9287109375,
    0.96240234375,
    0.97412109375,
    0.986328125,
    0.98193359375,
    0.9921875,
    0.99658203125,
    0.9970703125
  ],
  "test_loss": 0.0063555006418027915,
  "test_acc": 0.9981804914789473,
  "test_seq_acc": 0.9951171875,
  "config": {
    "data_dir": "../data/problem1",
    "results_dir": "results",
    "vocab_size": 12,
    "d_model": 128,
    "num_heads": 4,
    "num_encoder_layers": 2,
    "num_decoder_layers": 2,
    "d_ff": 512,
    "dropout": 0.1,
    "batch_size": 64,
    "num_epochs": 50,
    "learning_rate": 0.001
  }
}