{
  "train_loss": [
    0.7065709180469755,
    0.693648818172986,
    0.6930503392521339,
    0.6931790422789658,
    0.6926349974885772,
    0.6940144202377223,
    0.6926200050341932,
    0.6907383754283567
  ],
  "train_acc": [
    0.5051,
    0.5056,
    0.5097,
    0.5145,
    0.5178,
    0.5046,
    0.5122,
    0.5294
  ],
  "val_loss": [
    0.6932760961353779,
    0.6938412077724934,
    0.6930252984166145,
    0.6941153183579445,
    0.6980897895991802,
    0.6941672191023827,
    0.6976808607578278,
    0.693386934697628
  ],
  "val_acc": [
    0.5,
    0.5,
    0.4905,
    0.5,
    0.5025,
    0.5,
    0.501,
    0.499
  ],
  "total_time": 5.282678127288818,
  "encoding_type": "learned"
}