{
  "train_loss": [
    0.7035711279398278,
    0.6950417953201488,
    0.6939856123320663,
    0.6920316309868535,
    0.6924060854730727,
    0.6908577839030495,
    0.6904685006865973,
    0.6868541414224649
  ],
  "train_acc": [
    0.5029,
    0.5145,
    0.5066,
    0.5215,
    0.5252,
    0.5229,
    0.5234,
    0.5417
  ],
  "val_loss": [
    0.7250109352171421,
    0.6973849609494209,
    0.6936382092535496,
    0.694638941437006,
    0.6974872462451458,
    0.6964746937155724,
    0.693798378109932,
    0.7031112238764763
  ],
  "val_acc": [
    0.5,
    0.5,
    0.4905,
    0.495,
    0.5025,
    0.4985,
    0.5055,
    0.504
  ],
  "total_time": 5.231446743011475,
  "encoding_type": "none"
}