{
  "train_loss": [
    0.7052984524376785,
    0.414503070749814,
    0.09948462775990932,
    0.03930828150338198,
    0.022942263023305945,
    0.011887551041075346,
    0.01424608376028924,
    0.009730492043833888,
    0.006796988609977821,
    0.006479881655546775,
    0.005465864349274323,
    0.004008535952978698,
    0.0031409786489244723
  ],
  "train_acc": [
    0.5009,
    0.7915,
    0.965,
    0.9871,
    0.9935,
    0.9968,
    0.9961,
    0.9969,
    0.9977,
    0.997,
    0.9983,
    0.9984,
    0.999
  ],
  "val_loss": [
    0.6899149939417839,
    0.13229753402993083,
    0.05813855055021122,
    0.035605782657512464,
    0.020945608062902465,
    0.06741886154850363,
    0.029047485297610365,
    0.01919794786044804,
    0.022870524134987136,
    0.02668914884577589,
    0.02946105635895435,
    0.027919531834371014,
    0.03171356833649952
  ],
  "val_acc": [
    0.5085,
    0.9555,
    0.9795,
    0.9905,
    0.9945,
    0.9895,
    0.9935,
    0.9945,
    0.996,
    0.9965,
    0.9955,
    0.996,
    0.996
  ],
  "total_time": 8.83878469467163,
  "encoding_type": "sinusoidal"
}