{
  "encoder_layers.0.self_attn.head_0": {
    "ablated_acc": 0.99365234375,
    "acc_drop": 0.00146484375
  },
  "encoder_layers.0.self_attn.head_1": {
    "ablated_acc": 0.9951171875,
    "acc_drop": 0.0
  },
  "encoder_layers.0.self_attn.head_2": {
    "ablated_acc": 0.99560546875,
    "acc_drop": -0.00048828125
  },
  "encoder_layers.0.self_attn.head_3": {
    "ablated_acc": 0.99658203125,
    "acc_drop": -0.00146484375
  },
  "encoder_layers.1.self_attn.head_0": {
    "ablated_acc": 0.9775390625,
    "acc_drop": 0.017578125
  },
  "encoder_layers.1.self_attn.head_1": {
    "ablated_acc": 0.3193359375,
    "acc_drop": 0.67578125
  },
  "encoder_layers.1.self_attn.head_2": {
    "ablated_acc": 0.98779296875,
    "acc_drop": 0.00732421875
  },
  "encoder_layers.1.self_attn.head_3": {
    "ablated_acc": 0.98974609375,
    "acc_drop": 0.00537109375
  },
  "decoder_layers.0.self_attn.head_0": {
    "ablated_acc": 0.8271484375,
    "acc_drop": 0.16796875
  },
  "decoder_layers.0.self_attn.head_1": {
    "ablated_acc": 0.9384765625,
    "acc_drop": 0.056640625
  },
  "decoder_layers.0.self_attn.head_2": {
    "ablated_acc": 0.982421875,
    "acc_drop": 0.0126953125
  },
  "decoder_layers.0.self_attn.head_3": {
    "ablated_acc": 0.9365234375,
    "acc_drop": 0.05859375
  },
  "decoder_layers.0.cross_attn.head_0": {
    "ablated_acc": 0.9833984375,
    "acc_drop": 0.01171875
  },
  "decoder_layers.0.cross_attn.head_1": {
    "ablated_acc": 0.9951171875,
    "acc_drop": 0.0
  },
  "decoder_layers.0.cross_attn.head_2": {
    "ablated_acc": 0.9912109375,
    "acc_drop": 0.00390625
  },
  "decoder_layers.0.cross_attn.head_3": {
    "ablated_acc": 0.9853515625,
    "acc_drop": 0.009765625
  },
  "decoder_layers.1.self_attn.head_0": {
    "ablated_acc": 0.63623046875,
    "acc_drop": 0.35888671875
  },
  "decoder_layers.1.self_attn.head_1": {
    "ablated_acc": 0.62451171875,
    "acc_drop": 0.37060546875
  },
  "decoder_layers.1.self_attn.head_2": {
    "ablated_acc": 0.8525390625,
    "acc_drop": 0.142578125
  },
  "decoder_layers.1.self_attn.head_3": {
    "ablated_acc": 0.94482421875,
    "acc_drop": 0.05029296875
  },
  "decoder_layers.1.cross_attn.head_0": {
    "ablated_acc": 0.986328125,
    "acc_drop": 0.0087890625
  },
  "decoder_layers.1.cross_attn.head_1": {
    "ablated_acc": 0.7705078125,
    "acc_drop": 0.224609375
  },
  "decoder_layers.1.cross_attn.head_2": {
    "ablated_acc": 0.97119140625,
    "acc_drop": 0.02392578125
  },
  "decoder_layers.1.cross_attn.head_3": {
    "ablated_acc": 0.97900390625,
    "acc_drop": 0.01611328125
  },
  "baseline_acc": 0.9951171875
}